<?xml version='1.0' encoding='utf-8' standalone='yes' ?>
<map>
    <string name="prev_event_name">screenVisible</string>
    <boolean name="didSendRevenueTriggerOnLastBackground" value="true" />
    <long name="prev_event_timestamp" value="1758283698698" />
    <int name="appsFlyerInAppEventCount" value="57" />
    <long name="prev_session_dur" value="26" />
    <boolean name="ddl_sent" value="true" />
    <long name="af_rc_max_age" value="86400" />
    <string name="sentSuccessfully">true</string>
    <string name="af_remote_config">eyJmZWF0dXJlcyI6e30sInZlciI6ImRlZmF1bHQudjEuMTYzNzE0OTUyOSJ9</string>
    <int name="versionCode" value="393" />
    <string name="savedProperties">{&quot;uid&quot;:&quot;1758283583479-7956351917465123987&quot;,&quot;waitForCustomerId&quot;:&quot;false&quot;,&quot;onelinkVersion&quot;:&quot;4&quot;,&quot;logLevel&quot;:&quot;4&quot;,&quot;oneLinkSlug&quot;:&quot;Lz3o&quot;,&quot;onelinkDomain&quot;:&quot;dashreels.onelink.me&quot;,&quot;additionalCustomData&quot;:&quot;{\&quot;userId:\&quot;:\&quot;JucPhkKFSoV8DkR5Jskp8HSSCOi1\&quot;}&quot;,&quot;AppUserId&quot;:&quot;4lvmIPCtmLXOO9iE0wZJxwTWZuO2&quot;}</string>
    <string name="AF_INSTALLATION">1758283583479-7956351917465123987</string>
    <boolean name="afUninstallToken_queued" value="false" />
    <int name="appsFlyerCount" value="6" />
    <long name="af_rc_timestamp" value="1758283583566" />
    <long name="AppsFlyerTimePassedSincePrevLaunch" value="1758283675791" />
    <boolean name="newGPReferrerSent" value="true" />
    <string name="appsFlyerFirstInstall"></string>
    <string name="attributionId">{&quot;install_time&quot;:&quot;2025-09-19 12:06:27.062&quot;,&quot;af_message&quot;:&quot;organic install&quot;,&quot;af_status&quot;:&quot;Organic&quot;,&quot;is_first_launch&quot;:false}</string>
</map>
