<?xml version='1.0' encoding='utf-8' standalone='yes' ?>
<map>
    <long name="com.facebook.appevents.SessionInfo.sessionStartTime" value="1758283580011" />
    <string name="storefrontCacheKey">IN</string>
    <int name="com.facebook.appevents.SessionInfo.interruptionCount" value="5" />
    <string name="com.applovin.sdk.impl.isFirstRun">true</string>
    <string name="com.facebook.appevents.SessionInfo.sessionId">02ba25d9-95d6-4e21-8114-e6d74f2fdb0f</string>
    <long name="com.facebook.appevents.SessionInfo.sessionEndTime" value="1758283706365" />
    <string name="com.revenuecat.purchases.goog_DbsgCxjHJWZblwrslqFJzSvLMCC.subscriberAttributes">{&quot;attributes&quot;:{&quot;JucPhkKFSoV8DkR5Jskp8HSSCOi1&quot;:{&quot;$displayName&quot;:{&quot;key&quot;:&quot;$displayName&quot;,&quot;value&quot;:&quot;Anonymous&quot;,&quot;set_time&quot;:1758283585431,&quot;is_synced&quot;:true},&quot;$mixpanelDistinctId&quot;:{&quot;key&quot;:&quot;$mixpanelDistinctId&quot;,&quot;value&quot;:&quot;JucPhkKFSoV8DkR5Jskp8HSSCOi1&quot;,&quot;set_time&quot;:1758283585433,&quot;is_synced&quot;:true},&quot;$gpsAdId&quot;:{&quot;key&quot;:&quot;$gpsAdId&quot;,&quot;value&quot;:&quot;12646aab-d914-49a6-802c-f58539630f3f&quot;,&quot;set_time&quot;:1758283586042,&quot;is_synced&quot;:true},&quot;$ip&quot;:{&quot;key&quot;:&quot;$ip&quot;,&quot;value&quot;:&quot;true&quot;,&quot;set_time&quot;:1758283586042,&quot;is_synced&quot;:true},&quot;$deviceVersion&quot;:{&quot;key&quot;:&quot;$deviceVersion&quot;,&quot;value&quot;:&quot;true&quot;,&quot;set_time&quot;:1758283586042,&quot;is_synced&quot;:true},&quot;$appsflyerId&quot;:{&quot;key&quot;:&quot;$appsflyerId&quot;,&quot;value&quot;:&quot;1758283583479-7956351917465123987&quot;,&quot;set_time&quot;:1758283586052,&quot;is_synced&quot;:true}},&quot;4lvmIPCtmLXOO9iE0wZJxwTWZuO2&quot;:{&quot;$displayName&quot;:{&quot;key&quot;:&quot;$displayName&quot;,&quot;value&quot;:&quot;Serenity&quot;,&quot;set_time&quot;:1758283629697,&quot;is_synced&quot;:true},&quot;$phoneNumber&quot;:{&quot;key&quot;:&quot;$phoneNumber&quot;,&quot;value&quot;:&quot;+919321566709&quot;,&quot;set_time&quot;:1758283629698,&quot;is_synced&quot;:true},&quot;$mixpanelDistinctId&quot;:{&quot;key&quot;:&quot;$mixpanelDistinctId&quot;,&quot;value&quot;:&quot;4lvmIPCtmLXOO9iE0wZJxwTWZuO2&quot;,&quot;set_time&quot;:1758283629699,&quot;is_synced&quot;:true},&quot;$appsflyerId&quot;:{&quot;key&quot;:&quot;$appsflyerId&quot;,&quot;value&quot;:&quot;1758283583479-7956351917465123987&quot;,&quot;set_time&quot;:1758283630101,&quot;is_synced&quot;:true},&quot;$gpsAdId&quot;:{&quot;key&quot;:&quot;$gpsAdId&quot;,&quot;value&quot;:&quot;12646aab-d914-49a6-802c-f58539630f3f&quot;,&quot;set_time&quot;:1758283630101,&quot;is_synced&quot;:true},&quot;$ip&quot;:{&quot;key&quot;:&quot;$ip&quot;,&quot;value&quot;:&quot;true&quot;,&quot;set_time&quot;:1758283630101,&quot;is_synced&quot;:true},&quot;$deviceVersion&quot;:{&quot;key&quot;:&quot;$deviceVersion&quot;,&quot;value&quot;:&quot;true&quot;,&quot;set_time&quot;:1758283630101,&quot;is_synced&quot;:true}}}}</string>
    <boolean name="bg_startup_tracing" value="false" />
    <string name="com.facebook.appevents.UserDataStore.internalUserData"></string>
    <set name="com.revenuecat.purchases.goog_DbsgCxjHJWZblwrslqFJzSvLMCC.tokens" />
    <long name="com.revenuecat.purchases.goog_DbsgCxjHJWZblwrslqFJzSvLMCC.productEntitlementMappingLastUpdated" value="1758283592994" />
    <string name="com.revenuecat.purchases.goog_DbsgCxjHJWZblwrslqFJzSvLMCC.4lvmIPCtmLXOO9iE0wZJxwTWZuO2">{&quot;request_date&quot;:&quot;2025-09-19T12:07:09Z&quot;,&quot;request_date_ms&quot;:1758283629627,&quot;subscriber&quot;:{&quot;entitlements&quot;:{},&quot;first_seen&quot;:&quot;2025-09-19T12:07:09Z&quot;,&quot;last_seen&quot;:&quot;2025-09-19T12:07:09Z&quot;,&quot;management_url&quot;:null,&quot;non_subscriptions&quot;:{},&quot;original_app_user_id&quot;:&quot;$RCAnonymousID:b909e08d913f4e8abe2edb1a1221e010&quot;,&quot;original_application_version&quot;:null,&quot;original_purchase_date&quot;:null,&quot;other_purchases&quot;:{},&quot;subscriptions&quot;:{}},&quot;schema_version&quot;:3,&quot;verification_result&quot;:&quot;NOT_REQUESTED&quot;,&quot;customer_info_request_date&quot;:1758283630110}</string>
    <string name="com.facebook.appevents.UserDataStore.userData"></string>
    <string name="com.revenuecat.purchases.goog_DbsgCxjHJWZblwrslqFJzSvLMCC.new">4lvmIPCtmLXOO9iE0wZJxwTWZuO2</string>
    <string name="com.revenuecat.purchases.goog_DbsgCxjHJWZblwrslqFJzSvLMCC.productEntitlementMapping">{&quot;product_entitlement_mapping&quot;:{&quot;ad_free_999&quot;:{&quot;product_identifier&quot;:&quot;ad_free_999&quot;,&quot;base_plan_id&quot;:&quot;ad-free-base&quot;,&quot;entitlements&quot;:[&quot;Ad Free&quot;]},&quot;ad_free_999:ad-free-base&quot;:{&quot;product_identifier&quot;:&quot;ad_free_999&quot;,&quot;base_plan_id&quot;:&quot;ad-free-base&quot;,&quot;entitlements&quot;:[&quot;Ad Free&quot;]},&quot;ad_free_monthly_99&quot;:{&quot;product_identifier&quot;:&quot;ad_free_monthly_99&quot;,&quot;base_plan_id&quot;:&quot;ad-free-monthly-base&quot;,&quot;entitlements&quot;:[&quot;Ad Free Quarterly&quot;]},&quot;ad_free_monthly_99:ad-free-monthly-base&quot;:{&quot;product_identifier&quot;:&quot;ad_free_monthly_99&quot;,&quot;base_plan_id&quot;:&quot;ad-free-monthly-base&quot;,&quot;entitlements&quot;:[&quot;Ad Free Quarterly&quot;]},&quot;ad_free_quarterly&quot;:{&quot;product_identifier&quot;:&quot;ad_free_quarterly&quot;,&quot;base_plan_id&quot;:&quot;ad-free-base-quarterly&quot;,&quot;entitlements&quot;:[&quot;Ad Free Quarterly&quot;]},&quot;ad_free_quarterly:ad-free-base-quarterly&quot;:{&quot;product_identifier&quot;:&quot;ad_free_quarterly&quot;,&quot;base_plan_id&quot;:&quot;ad-free-base-quarterly&quot;,&quot;entitlements&quot;:[&quot;Ad Free Quarterly&quot;]},&quot;ad_free_quarterly_499&quot;:{&quot;product_identifier&quot;:&quot;ad_free_quarterly_499&quot;,&quot;base_plan_id&quot;:&quot;ad-free-quarterly-499-base&quot;,&quot;entitlements&quot;:[&quot;Ad Free Quarterly&quot;]},&quot;ad_free_quarterly_499:ad-free-quarterly-499-base&quot;:{&quot;product_identifier&quot;:&quot;ad_free_quarterly_499&quot;,&quot;base_plan_id&quot;:&quot;ad-free-quarterly-499-base&quot;,&quot;entitlements&quot;:[&quot;Ad Free Quarterly&quot;]},&quot;less_ads_399_prod&quot;:{&quot;product_identifier&quot;:&quot;less_ads_399_prod&quot;,&quot;base_plan_id&quot;:&quot;less-ads-base-plan&quot;,&quot;entitlements&quot;:[&quot;Reduced Ads&quot;]},&quot;less_ads_399_prod:less-ads-base-plan&quot;:{&quot;product_identifier&quot;:&quot;less_ads_399_prod&quot;,&quot;base_plan_id&quot;:&quot;less-ads-base-plan&quot;,&quot;entitlements&quot;:[&quot;Reduced Ads&quot;]},&quot;reels_1.99&quot;:{&quot;product_identifier&quot;:&quot;reels_1.99&quot;,&quot;entitlements&quot;:[]},&quot;reels_4.99&quot;:{&quot;product_identifier&quot;:&quot;reels_4.99&quot;,&quot;entitlements&quot;:[]}}}</string>
    <string name="com.facebook.appevents.AnalyticsUserIDStore.userID">4lvmIPCtmLXOO9iE0wZJxwTWZuO2</string>
    <long name="com.revenuecat.purchases.goog_DbsgCxjHJWZblwrslqFJzSvLMCC.purchaserInfoLastUpdated.4lvmIPCtmLXOO9iE0wZJxwTWZuO2" value="1758283629888" />
</map>
