<?xml version='1.0' encoding='utf-8' standalone='yes' ?>
<map>
    <string name="com.applovin.sdk.P_OL.plugin_version">13.2.0.1</string>
    <string name="com.applovin.sdk.P_OL.device_token">MaznYs97JTiqaqEwnZGZ5kjLF623BjId2VNkc_VqRAafF5hSIvelDD5oeYV59aMpDb8Tf96w8Cepg3iXkMF1yjV1ESvnTxKCGZ_tpayvJ8h1CrYQu79x7rOggOpP4ckH29Vc1M6ZDJ49WrJ91bxG9GZe1dSVMOTzwS4Pz5nq7aY=</string>
    <string name="com.applovin.sdk.P_OL.device_id">105c141ddd0e8ac761</string>
    <string name="com.applovin.sdk.P_OL.sc">Juqe%2BRsWvqn5G1SsCxVKFsCM952sZgA%3D</string>
    <boolean name="com.applovin.sdk.P_OL.is_verbose_logging" value="false" />
</map>
