<?xml version='1.0' encoding='utf-8' standalone='yes' ?>
<map>
    <long name="card_last_sync_time" value="1759824181" />
    <string name="core_user_identifiers">{&quot;uid&quot;:&quot;NfrIMOlt1DViw5UiblymRdayMOB2&quot;}</string>
    <boolean name="card_show_all_tab" value="true" />
    <long name="last_event_sync_time" value="1759824181532" />
    <long name="inapp_last_sync_time" value="1759824181" />
    <set name="sent_activity_list">
        <string>com.applovin.mediation.MaxDebuggerMultiAdActivity</string>
        <string>com.moengage.pushbase.activities.PushClickDialogTracker</string>
        <string>androidx.compose.ui.tooling.PreviewActivity</string>
        <string>com.android.billingclient.api.ProxyBillingActivityV2</string>
        <string>com.revenuecat.purchases.amazon.purchasing.ProxyAmazonBillingActivity</string>
        <string>com.applovin.mediation.MaxDebuggerAdUnitsListActivity</string>
        <string>com.google.firebase.auth.internal.RecaptchaActivity</string>
        <string>com.applovin.sdk.AppLovinWebViewActivity</string>
        <string>com.applovin.mediation.MaxDebuggerUnifiedFlowActivity</string>
        <string>com.applovin.mediation.MaxDebuggerTestModeNetworkActivity</string>
        <string>com.unity3d.services.ads.adunit.AdUnitSoftwareActivity</string>
        <string>com.google.android.gms.ads.OutOfContextTestingActivity</string>
        <string>com.google.android.gms.ads.AdActivity</string>
        <string>androidx.credentials.playservices.HiddenActivity</string>
        <string>com.razorpay.flutter_customui.RazorpayPaymentActivity</string>
        <string>com.facebook.FacebookActivity</string>
        <string>com.applovin.mediation.MaxDebuggerTestLiveNetworkActivity</string>
        <string>com.moe.pushlibrary.activities.MoEActivity</string>
        <string>com.unity3d.services.ads.adunit.AdUnitTransparentActivity</string>
        <string>com.google.firebase.auth.internal.GenericIdpActivity</string>
        <string>com.facebook.CustomTabMainActivity</string>
        <string>com.applovin.adview.AppLovinFullscreenActivity</string>
        <string>com.moengage.sdk.debugger.MoEDebuggerActivity</string>
        <string>com.google.android.play.core.common.PlayCoreDialogWrapperActivity</string>
        <string>com.google.android.gms.ads.NotificationHandlerActivity</string>
        <string>com.unity3d.ads.adplayer.FullScreenWebViewDisplay</string>
        <string>com.ironsource.sdk.controller.ControllerActivity</string>
        <string>com.applovin.mediation.MaxDebuggerCmpNetworksListActivity</string>
        <string>com.applovin.mediation.MaxDebuggerWaterfallSegmentsActivity</string>
        <string>com.facebook.ads.AudienceNetworkActivity</string>
        <string>com.google.android.gms.common.api.GoogleApiActivity</string>
        <string>com.applovin.mediation.MaxDebuggerTcfInfoListActivity</string>
        <string>com.google.android.gms.auth.api.signin.internal.SignInHubActivity</string>
        <string>com.unity3d.services.ads.adunit.AdUnitTransparentSoftwareActivity</string>
        <string>com.applovin.creative.MaxCreativeDebuggerDisplayedAdActivity</string>
        <string>com.moengage.pushbase.internal.activity.PermissionActivity</string>
        <string>com.applovin.mediation.MaxDebuggerTcfConsentStatusesListActivity</string>
        <string>com.applovin.mediation.MaxDebuggerDetailActivity</string>
        <string>com.facebook.CustomTabActivity</string>
        <string>com.ironsource.sdk.controller.OpenUrlActivity</string>
        <string>com.unity3d.services.ads.adunit.AdUnitActivity</string>
        <string>com.moengage.pushbase.activities.PushTracker</string>
        <string>com.applovin.mediation.MaxDebuggerAdUnitWaterfallsListActivity</string>
        <string>com.android.billingclient.api.ProxyBillingActivity</string>
        <string>com.applovin.creative.MaxCreativeDebuggerActivity</string>
        <string>com.ironsource.sdk.controller.InterstitialActivity</string>
        <string>com.applovin.mediation.MaxDebuggerActivity</string>
        <string>com.moengage.inapp.internal.activity.MoEInAppActivity</string>
        <string>io.flutter.plugins.urllauncher.WebViewActivity</string>
        <string>com.applovin.mediation.MaxDebuggerTcfStringActivity</string>
        <string>com.ironsource.mediationsdk.testSuite.TestSuiteActivity</string>
        <string>com.bytedance.applog.migrate.MigrateDetectorActivity</string>
        <string>com.dashtoon.video.reels.MainActivity</string>
        <string>com.applovin.mediation.MaxDebuggerAdUnitDetailActivity</string>
    </set>
    <string name="registration_id">f2EMpyzmRqGzNrJRWy4P7g:APA91bGb1tQIG2pDb4Cpxv23rcVRbCJY1QfIiGoaB9zEria6ivG4ZpZbZn496ab-j_GbzyzcjRzIhhRCKQYsYulPU8sbU542I8YkRhIwFSd_xg3iEGOIPNM</string>
    <boolean name="is_device_registered" value="true" />
    <long name="last_config_sync_time" value="1759824179430" />
    <long name="notification_permission_tracked_time" value="1759824179862" />
    <long name="events_batch_number" value="2" />
    <long name="inapp_api_sync_delay" value="900" />
    <long name="inapp_html_assets_delete_time" value="1759824179" />
    <boolean name="has_registered_for_verification" value="false" />
    <string name="card_sync_interval">{&quot;app_open&quot;:2700,&quot;app_inbox&quot;:300,&quot;pull_to_refresh&quot;:5,&quot;user_activity&quot;:0,&quot;immediate&quot;:0}</string>
    <long name="in_app_global_delay" value="900" />
    <string name="user_attribute_unique_id">NfrIMOlt1DViw5UiblymRdayMOB2</string>
    <string name="user_session">{&quot;session_id&quot;:&quot;e169d49e-8bac-4360-940c-4dfd875a5455&quot;,&quot;start_time&quot;:&quot;2025-10-07T08:02:59.368Z&quot;,&quot;last_interaction_time&quot;:1759824179368}</string>
    <int name="core_module_synced_app_version" value="475" />
    <string name="core_debugger_log_config">{&quot;logLevel&quot;:0,&quot;isLoggingEnabled&quot;:false,&quot;expiryTime&quot;:-1}</string>
    <string name="core_device_unique_id">3f1dce02-1959-4118-ba98-a88824e74000</string>
    <string name="card_categories">[]</string>
    <string name="core_moengage_environment">LIVE</string>
    <boolean name="is_gaid_tracking_enabled" value="true" />
    <string name="APP_UUID">731bbeda-0ed7-4e02-b96d-3a8c7932937a</string>
</map>
