<?xml version='1.0' encoding='utf-8' standalone='yes' ?>
<map>
    <string name="auid">7c33eb82-09aa-484a-8e57-3043e2b9e84a</string>
    <string name="search_keys">{&quot;success&quot;:&quot;&quot;,&quot;fail&quot;:&quot;&quot;,&quot;searchKeys&quot;:[&quot;market://&quot;,&quot;play.google.com&quot;],&quot;acknowledgeWith&quot;:&quot;acknowledgeMessage&quot;,&quot;declineWith&quot;:&quot;errorTest&quot;}</string>
    <string name="ssaGlobalAppData">{&quot;controllerVersion&quot;:&quot;3031&quot;}</string>
    <string name="version">8.8.0</string>
    <string name="unityads-idfi">1b30e345-c53a-4e71-b7e9-59b7c210fb5a</string>
</map>
