{"Fid":"f2EMpyzmRqGzNrJRWy4P7g","Status":3,"AuthToken":"eyJhbGciOiJFUzI1NiIsInR5cCI6IkpXVCJ9.eyJhcHBJZCI6IjE6NjU2MDU1OTI0NTM3OmFuZHJvaWQ6Y2VmZTkyOGMxODlhYjcxYzVkOWFlOCIsImV4cCI6MTc2MDQyODk4MSwiZmlkIjoiZjJFTXB5em1ScUd6TnJKUld5NFA3ZyIsInByb2plY3ROdW1iZXIiOjY1NjA1NTkyNDUzN30.AB2LPV8wRQIgMa3Csu7zNCBDb1OJOP8kiIgOLXc3-jcpo3eHy5LjCtUCIQD4vTQ0X9RLonOvDYBK3KgTOIvr7BOGkskPamnHi84cNw","RefreshToken":"3_AS3qfwI53aN3rLGPL4z1OMPAmV2KCdK_EYVMif9UDqPjPvMl0v19Uh0e9qhPZ-V5LWWaHkrqV47lUNR7_irWql1jY-cHyog4XGxpD6meGXI_PMI","TokenCreationEpochInSecs":1759824179,"ExpiresInSecs":604800}